name,id,designation,tech/manufacturer,system id,fleet pts,hitpoints,armor rating,max flux,8/6/5/4%,flux dissipation,ordnance points,fighter bays,max speed,acceleration,deceleration,max turn rate,turn acceleration,mass,shield type,defense id,shield arc,shield upkeep,shield efficiency,phase cost,phase upkeep,min crew,max crew,cargo,fuel,fuel/ly,range,max burn,base value,cr %/day,CR to deploy,peak CR sec,CR loss/sec,supplies/rec,supplies/mo,c/s,c/f,f/s,f/f,crew/s,crew/f,hints,tags,rarity,breakProb,minPieces,maxPieces,travel drive,number
Dxvotkta,dxvotkta,Super Battleship,Reptech,fortressshield,1890,37580,21730,49000,,10000,3200,7,90,7,7,35,3,1870,OMNI,,360,0,0.7,,,1,2100,6000,3600,4,900,14,5590000,5,5,2700,0.008,230,0.01,,,,,,,,reptechbasicships_bp,0.25,0.07,2,19,,9200
Uklvoatovor,uklvoatovor,Flagship,Reptech,highenergyfocus,23490,247580,178030,299300,,7690,29400,0,45,4,4,12,4,49000,OMNI,,360,0,0.1,,,930,149390,1490000,240000,16,15000,17,89300000,5,5,9590,0.0005,890,3,,,,,,,,reptechbasicships_bp,0.1,0.03,3,68,,12900
Stvforva,stvforva,Dimensional Cargo Ship,Reptech,burndrive,70,38790,8600,34900,,1200,300,0,115,13,13,50,9,697,OMNI,,180,0,0.5,,,12,39000,329000,45000,2,17500,25,1290000,5,1,390,0.05,30,0.04,,,,,,,"CIVILIAN, TANKER, FREIGHTER, LINER",reptechbasicships_bp,0.30,0.04,2,22,,3900
Revlogvortora,revlogvortora,Super Frigate,Reptech,microburn_omega,105,6890,4290,11000,,800,290,0,280,90,70,90,25,78,OMNI,,360,0,0.6,,,1,140,100,200,2,100,25,590000,20,5,490,0.04,8,0.05,,,,,,,,reptechbasicships_bp,0.6,0.08,2,11,,4390
